(01)04603767010709;(21)5qp,FS;(93)qsfL
(01)04603767010709;(21)5TGaaS;(93)wWiP
(01)04603767010709;(21)5S<lEM;(93)y6m7
(01)04603767010709;(21)5-LMKs;(93)nVvI
(01)04603767010709;(21)5FO-1=;(93)EloQ
(01)04603767010709;(21)5ISXbd;(93)pQoc
(01)04603767010709;(21)5JW+4m;(93)Jk8K
(01)04603767010709;(21)5+oWIG;(93)/bdd
(01)04603767010709;(21)5Clb:C;(93)M2XG
(01)04603767010709;(21)5kPfRW;(93)G8du
(01)04603767010709;(21)54ao,j;(93)tDw+
(01)04603767010709;(21)5bmXLM;(93)DjsF
(01)04603767010709;(21)5PNXzL;(93)O3lg
(01)04603767010709;(21)5Z6oIq;(93)q8Ec
(01)04603767010709;(21)5kGP1=;(93)Avkc
(01)04603767010709;(21)5bZbWN;(93)4G8c
(01)04603767010709;(21)5=cuNS;(93)BQX7
(01)04603767010709;(21)5BKr>k;(93)vshX
(01)04603767010709;(21)5ofErV;(93)Mnvm
(01)04603767010709;(21)5BYNRT;(93)ksf0
(01)04603767010709;(21)5Zinm;;(93)WinF
(01)04603767010709;(21)5!LoBQ;(93)r08B
(01)04603767010709;(21)5hknZm;(93)RYFU
(01)04603767010709;(21)5pHDJ*;(93)eOLX
(01)04603767010709;(21)5GN=nF;(93)L57I
(01)04603767010709;(21)5iYBq(;(93)YuS8
(01)04603767010709;(21)5p4KEl;(93)+9sZ
(01)04603767010709;(21)5iJNI2;(93)tr8e
(01)04603767010709;(21)5oVFUW;(93)cHln
(01)04603767010709;(21)5dJAvc;(93)ABFH
(01)04603767010709;(21)5IBExU;(93)xKPv
(01)04603767010709;(21)5?U(BD;(93)fO8A
(01)04603767010709;(21)5TdAOo;(93)zqWZ
(01)04603767010709;(21)5c4O2R;(93)HZhB
(01)04603767010709;(21)5srXi0;(93)2XRr
(01)04603767010709;(21)5NZW?i;(93)++T2
(01)04603767010709;(21)5rcAn.;(93)KmLZ
(01)04603767010709;(21)5UaNfL;(93)9tIr
(01)04603767010709;(21)5%Olpf;(93)L+UJ
(01)04603767010709;(21)5yg<VK;(93)CEqg
(01)04603767010709;(21)525rqb;(93)QR3i
(01)04603767010709;(21)5W>m:>;(93)Gk+E
(01)04603767010709;(21)5TyAjq;(93)eRmG
(01)04603767010709;(21)5UN<nh;(93)v7pk
(01)04603767010709;(21)5sP%<M;(93)yptB
(01)04603767010709;(21)5Cn)jU;(93)4z/C
(01)04603767010709;(21)5_Rbn!;(93)TG8k
(01)04603767010709;(21)5_-VxE;(93)HYeY
(01)04603767010709;(21)5QkCod;(93)xHtk
(01)04603767010709;(21)5UmC(X;(93)lfL7
(01)04603767010709;(21)5LZKQ/;(93)o+yz
(01)04603767010709;(21)5DrAYb;(93)/n/C
(01)04603767010709;(21)5VGQ>d;(93)J70/
(01)04603767010709;(21)5ZGWiE;(93)P1Lh
(01)04603767010709;(21)5*6hu:;(93)Wf0a
(01)04603767010709;(21)5rMZ?k;(93)0/LR
(01)04603767010709;(21)5JQ_>H;(93)c5gb
(01)04603767010709;(21)5v)<hr;(93)PWTR
(01)04603767010709;(21)5JlB5g;(93)ctux
(01)04603767010709;(21)5;BeC6;(93)Mhi6
(01)04603767010709;(21)5adxbu;(93)3Qi3
(01)04603767010709;(21)5Q6uYO;(93)60I+
(01)04603767010709;(21)5pXiA<;(93)sDID
(01)04603767010709;(21)58;(N>;(93)lQoY
(01)04603767010709;(21)5Mz-W!;(93)SDHF
(01)04603767010709;(21)5Azrqh;(93)ve1D
(01)04603767010709;(21)58l3o&;(93)gyQw
(01)04603767010709;(21)5RSI>X;(93)I2oy
(01)04603767010709;(21)50S<KM;(93)9wBU
(01)04603767010709;(21)5&(XSd;(93)J3k0
(01)04603767010709;(21)5CbfCU;(93)BZnV
(01)04603767010709;(21)5Ws4KJ;(93)GKDk
(01)04603767010709;(21)52wL1";(93)nfad
(01)04603767010709;(21)56'=_=;(93)GdM0
(01)04603767010709;(21)5RKo>Q;(93)GjeW
(01)04603767010709;(21)5mJujp;(93)1EZb
(01)04603767010709;(21)5<2hsJ;(93)G+DX
(01)04603767010709;(21)5raxNA;(93)Y/QM
(01)04603767010709;(21)5!TCDJ;(93)Pr3q
(01)04603767010709;(21)5EZLLb;(93)HV/7
(01)04603767010709;(21)5W5JPU;(93)UTFw
(01)04603767010709;(21)5'KmnV;(93)wrEN
(01)04603767010709;(21)5a?XA!;(93)r2Bb
(01)04603767010709;(21)5f!RKF;(93)HMiV
(01)04603767010709;(21)5>F6US;(93)S+z6
(01)04603767010709;(21)5QC0<I;(93)n2d0
(01)04603767010709;(21)5tmq+Q;(93)HZBr
(01)04603767010709;(21)5OUyKr;(93)Nx2x
(01)04603767010709;(21)5YpYCT;(93)fdk5
(01)04603767010709;(21)5dBdSY;(93)cyK7
(01)04603767010709;(21)5<XErC;(93)cuK7
(01)04603767010709;(21)5WWZAr;(93)ZRFX
(01)04603767010709;(21)5O?-'F;(93)Ry8z
(01)04603767010709;(21)5EdAzt;(93)Oe1h
(01)04603767010709;(21)5lopcA;(93)wvaL
(01)04603767010709;(21)5+Ftn.;(93)rTek
(01)04603767010709;(21)5YO7Vf;(93)svz+
(01)04603767010709;(21)5XoNj6;(93)BVLc
(01)04603767010709;(21)5,bH6e;(93)+wW1
(01)04603767010709;(21)5%'%5I;(93)k0EC
(01)04603767010709;(21)5I6utB;(93)XyX/
(01)04603767010709;(21)5Ge,b7;(93)ogTl
(01)04603767010709;(21)5aYNkf;(93)pAWU
(01)04603767010709;(21)5lfHa";(93)rsrZ
(01)04603767010709;(21)5L2RdF;(93)FZb9
(01)04603767010709;(21)5i"N:A;(93)fNrz
(01)04603767010709;(21)5XDGZi;(93)siNu
(01)04603767010709;(21)5FjqK7;(93)t1Jl
(01)04603767010709;(21)55gl,2;(93)zJOh
(01)04603767010709;(21)5"27bi;(93)3a69
(01)04603767010709;(21)5B_aEo;(93)n7xc
(01)04603767010709;(21)52(utb;(93)OZGn
(01)04603767010709;(21)5&jH6L;(93)Wh45
(01)04603767010709;(21)5CW%5Y;(93)TDB5
(01)04603767010709;(21)5>EFlA;(93)WDt8
(01)04603767010709;(21)5Wp>9M;(93)iRHL
(01)04603767010709;(21)59QYre;(93)rUVt
(01)04603767010709;(21)5HjIVs;(93)zEvb
(01)04603767010709;(21)5VTzZE;(93)WSAb
(01)04603767010709;(21)5ZP11,;(93)rOkr
(01)04603767010709;(21)5nlDmY;(93)VMLa
(01)04603767010709;(21)5rp_Hp;(93)E7Q5
(01)04603767010709;(21)5?3d,1;(93)ipmk
(01)04603767010709;(21)5Yzq%u;(93)57fd
(01)04603767010709;(21)5UL)C,;(93)1/Z2
(01)04603767010709;(21)5d16bW;(93)gP6+
(01)04603767010709;(21)5mK0ZV;(93)wytX
(01)04603767010709;(21)5D5SIN;(93)3Mz6
(01)04603767010709;(21)5QBk*0;(93)u3Un
(01)04603767010709;(21)5>0QqN;(93)Hy8s
(01)04603767010709;(21)5FMFhH;(93)0F6z
(01)04603767010709;(21)5g+YL<;(93)ME0S
(01)04603767010709;(21)5rH7RG;(93)ZrV+
(01)04603767010709;(21)5NDhxO;(93)GBlQ
(01)04603767010709;(21)5AEG(Y;(93)7Eav
(01)04603767010709;(21)5wbl.a;(93)mfQG
(01)04603767010709;(21)5tbFI?;(93)bz0/
(01)04603767010709;(21)5VQyxo;(93)Uir4
(01)04603767010709;(21)5cd/m&;(93)aLA5
(01)04603767010709;(21)5QzSWh;(93)b2S8
(01)04603767010709;(21)5q+wls;(93)kuhl
(01)04603767010709;(21)5?BQnJ;(93)+UGP
(01)04603767010709;(21)5VNHCN;(93)KpWp
(01)04603767010709;(21)5rcB4V;(93)si09
(01)04603767010709;(21)5hACDL;(93)b47k
(01)04603767010709;(21)5>2Zt.;(93)GQGl
(01)04603767010709;(21)5mrbgu;(93)S/AQ
(01)04603767010709;(21)5gjLbc;(93)uEsn
(01)04603767010709;(21)5jkPBm;(93)vPUh
(01)04603767010709;(21)5KMs;t;(93)wf/w
(01)04603767010709;(21)5Ohu*V;(93)toCD
(01)04603767010709;(21)50CMqx;(93)uBhB
(01)04603767010709;(21)5laZlo;(93)DoDN
(01)04603767010709;(21)5GR!Mp;(93)PsaE
(01)04603767010709;(21)5BiS=S;(93)Bl+u
(01)04603767010709;(21)5SGUEG;(93)q6hh
(01)04603767010709;(21)5J*TiG;(93)U69H
(01)04603767010709;(21)5v'nFC;(93)x75Y
(01)04603767010709;(21)5v%)&2;(93)kCx7
(01)04603767010709;(21)5EI?d1;(93)gqq2
(01)04603767010709;(21)5JjhyD;(93)/t/1
(01)04603767010709;(21)5N3As3;(93)rkY+
(01)04603767010709;(21)5"xQo-;(93)TH52
(01)04603767010709;(21)5UDWD.;(93)+bFC
(01)04603767010709;(21)5X)Ski;(93)CkVZ
(01)04603767010709;(21)5p-Hee;(93)YgdK
(01)04603767010709;(21)5fyUPf;(93)9PPJ
(01)04603767010709;(21)5PmYLm;(93)i8E7
(01)04603767010709;(21)59I'xO;(93)/2f+
(01)04603767010709;(21)5OjYSA;(93)qsYK
(01)04603767010709;(21)5S?1x<;(93)FmN3
(01)04603767010709;(21)5a3E*g;(93)hnFq
(01)04603767010709;(21)5Lk2Ho;(93)vJca
(01)04603767010709;(21)5os,VJ;(93)Fd8J
(01)04603767010709;(21)5Xx*5Z;(93)/LdW
(01)04603767010709;(21)5_'0a?;(93)VAI0
(01)04603767010709;(21)5U.Rla;(93)7HCj
(01)04603767010709;(21)51uE&Y;(93)5t6v
(01)04603767010709;(21)5XwZnT;(93)T+xz
(01)04603767010709;(21)5HBjYz;(93)4GeC
(01)04603767010709;(21)5ZEa-h;(93)rUtC
(01)04603767010709;(21)5xER"l;(93)vtxA
(01)04603767010709;(21)5fs4=!;(93)GwpV
(01)04603767010709;(21)5KdDDT;(93)Sa/u
(01)04603767010709;(21)5G-uf&;(93)Sfbb
(01)04603767010709;(21)5pyY*s;(93)HKFn
(01)04603767010709;(21)5Tyc!_;(93)kkqO
(01)04603767010709;(21)5AmS>';(93)ujEb
(01)04603767010709;(21)58H-F>;(93)SloJ
(01)04603767010709;(21)5YROz5;(93)3YGF
(01)04603767010709;(21)55%eim;(93)yLeZ
(01)04603767010709;(21)5jgNGt;(93)kCnw
(01)04603767010709;(21)5b7LsE;(93)/lp1
(01)04603767010709;(21)506kbk;(93)hHVM
(01)04603767010709;(21)5_p+Rp;(93)AVnJ
(01)04603767010709;(21)5Gz56B;(93)z6nm
(01)04603767010709;(21)5kzhDc;(93)VdfO
(01)04603767010709;(21)5+siNf;(93)gqzS
(01)04603767010709;(21)5TrNeq;(93)otN3
(01)04603767010709;(21)5ppJf?;(93)8icO
(01)04603767010709;(21)5P;jlK;(93)oxhG
(01)04603767010709;(21)5L;ka;;(93)50bj
(01)04603767010709;(21)5.<&Jl;(93)ycSG
(01)04603767010709;(21)57&8Yt;(93)vozn
(01)04603767010709;(21)5%gkqc;(93)G/ne
(01)04603767010709;(21)5'GYCi;(93)oGF7
(01)04603767010709;(21)5o5)EU;(93)fsgA
(01)04603767010709;(21)5A3EK);(93)DkvA
(01)04603767010709;(21)5'v)Vs;(93)G4v1
(01)04603767010709;(21)5UZVjz;(93)9vox
(01)04603767010709;(21)5REM_;;(93)OTDi
(01)04603767010709;(21)57iSSf;(93)HEjX
(01)04603767010709;(21)5k5'LT;(93)ChdB
(01)04603767010709;(21)5yYuBy;(93)6L57
(01)04603767010709;(21)5JI5ds;(93)g2Bw
(01)04603767010709;(21)5;SD8a;(93)BzVP
(01)04603767010709;(21)5Pp>3=;(93)3kiz
(01)04603767010709;(21)5fkq9M;(93)dz3D
(01)04603767010709;(21)5cpQo4;(93)i7L4
(01)04603767010709;(21)5?qiK(;(93)anuI
(01)04603767010709;(21)5NI!s?;(93)x2Ue
(01)04603767010709;(21)5VSAge;(93)3olo
(01)04603767010709;(21)5M&gYc;(93)RyWt
(01)04603767010709;(21)5bEUhX;(93)R1eR
(01)04603767010709;(21)5bqEQf;(93)pchz
(01)04603767010709;(21)5XU"qQ;(93)wnir
(01)04603767010709;(21)5YnZ(F;(93)hOWo
(01)04603767010709;(21)5Y>DkC;(93)wZHp
(01)04603767010709;(21)5xBEdd;(93)/nx3
(01)04603767010709;(21)5<tC/p;(93)KzKT
(01)04603767010709;(21)5fRcgb;(93)Fz8Q
(01)04603767010709;(21)5H//ur;(93)SfRq
(01)04603767010709;(21)5u6ka&;(93)+3Ne
(01)04603767010709;(21)5CCW>M;(93)1aF5
(01)04603767010709;(21)5:NZB?;(93)dU6h
(01)04603767010709;(21)5fhLHN;(93)12VC
(01)04603767010709;(21)5FU5ie;(93)b6+y
(01)04603767010709;(21)5cXtJL;(93)oV6w
(01)04603767010709;(21)5R;ilv;(93)dCCT
(01)04603767010709;(21)5QPg<r;(93)5D74
(01)04603767010709;(21)5R:x"J;(93)zNqQ
(01)04603767010709;(21)5:iC'6;(93)yhAh
(01)04603767010709;(21)5sYPl6;(93)Z17E
(01)04603767010709;(21)5he9Rm;(93)+HTX
(01)04603767010709;(21)5rYqk:;(93)JRpW
(01)04603767010709;(21)52sj=w;(93)Uux3
(01)04603767010709;(21)5vRrDp;(93)QNia
(01)04603767010709;(21)5YQhjc;(93)GtWL
(01)04603767010709;(21)58d>kA;(93)UGaJ
(01)04603767010709;(21)5ODS"0;(93)fP95
(01)04603767010709;(21)5ZaEpB;(93)BjRl
(01)04603767010709;(21)5sh8QR;(93)3Oq+
(01)04603767010709;(21)5iV/DL;(93)OOHp
(01)04603767010709;(21)5dcYwj;(93)iiNp
(01)04603767010709;(21)5gbHyC;(93)9N1R
(01)04603767010709;(21)5lnjk";(93)BcEV
(01)04603767010709;(21)5nbfb>;(93)dhUj
(01)04603767010709;(21)5WMQ-Y;(93)YzMx
(01)04603767010709;(21)57YLOR;(93)NEl7
(01)04603767010709;(21)5BpcL9;(93)RktP
(01)04603767010709;(21)5O,a*t;(93)PtEa
(01)04603767010709;(21)5s9I,);(93)zBPa
(01)04603767010709;(21)5HtSqK;(93)eifH
(01)04603767010709;(21)5RNnnB;(93)V+Bu
(01)04603767010709;(21)5c>(/*;(93)UR93
(01)04603767010709;(21)5y1wCk;(93)N8qO
(01)04603767010709;(21)5vZ_ni;(93)3aNS
(01)04603767010709;(21)5pYJQJ;(93)1y3O
(01)04603767010709;(21)51wtcD;(93)F9oN
(01)04603767010709;(21)5H4KE!;(93)N0xi
(01)04603767010709;(21)5BmVr:;(93)0oox
(01)04603767010709;(21)5cPOg3;(93)YG2r
(01)04603767010709;(21)5<IS?S;(93)EUGA
(01)04603767010709;(21)5qyYNJ;(93)cuDI
(01)04603767010709;(21)5CGfF3;(93)7l0+
(01)04603767010709;(21)5EFF&9;(93)/n3Y
(01)04603767010709;(21)5ReOUl;(93)MC8E
(01)04603767010709;(21)5Ni)8G;(93)zKkD
(01)04603767010709;(21)58eIJr;(93)6aSE
(01)04603767010709;(21)5VXLFP;(93)MhQ6
(01)04603767010709;(21)5Y8S&5;(93)YPJo
(01)04603767010709;(21)5QwpQ0;(93)urxc
(01)04603767010709;(21)5t-%PA;(93)3l43
(01)04603767010709;(21)5bmHpR;(93)LDDF
(01)04603767010709;(21)5A=MFK;(93)32d/
(01)04603767010709;(21)5U/jtH;(93)L+wJ
(01)04603767010709;(21)54)rLl;(93)j/YH
(01)04603767010709;(21)5>hjp);(93)7/nx
(01)04603767010709;(21)5qi_E9;(93)bRvW
(01)04603767010709;(21)5o'V<l;(93)4XEX
(01)04603767010709;(21)5LNDgu;(93)KhPL
(01)04603767010709;(21)5/(Tje;(93)rjhO
(01)04603767010709;(21)5EX;L&;(93)f9pH
(01)04603767010709;(21)5Il;gI;(93)31Dr
(01)04603767010709;(21)5dWB1p;(93)cRKZ
(01)04603767010709;(21)5jl32m;(93)tQDd
(01)04603767010709;(21)5lWRNc;(93)wFxT
(01)04603767010709;(21)5ArlBT;(93)cGcZ
(01)04603767010709;(21)5.h=VQ;(93)TvGx
(01)04603767010709;(21)5Koc_l;(93)afFI
(01)04603767010709;(21)5A-&TO;(93)On2i
(01)04603767010709;(21)5oBheI;(93)wYxr
(01)04603767010709;(21)5;C-M3;(93)zRak
(01)04603767010709;(21)5YV9+r;(93)FwG8
(01)04603767010709;(21)5ZUH%o;(93)lvhH
(01)04603767010709;(21)5F%exC;(93)pTea
(01)04603767010709;(21)5M;in7;(93)00x6
(01)04603767010709;(21)5aIvQu;(93)nEIr
(01)04603767010709;(21)5xyjIk;(93)Bjg3
(01)04603767010709;(21)5W_XG+;(93)XUEw
(01)04603767010709;(21)5aIFQ+;(93)cbEC
(01)04603767010709;(21)5Jm2q2;(93)hycb
(01)04603767010709;(21)5YerfZ;(93)h8tD
(01)04603767010709;(21)5ll_)U;(93)iSjc
(01)04603767010709;(21)5Q4PgL;(93)FzAc
(01)04603767010709;(21)5XufsM;(93)qBeW
(01)04603767010709;(21)5n_atP;(93)CmXz
(01)04603767010709;(21)5GDREf;(93)TT1j
(01)04603767010709;(21)5QmPXB;(93)NYcj
(01)04603767010709;(21)5qUpq-;(93)m3sW
(01)04603767010709;(21)5OqYEd;(93)Hmun
(01)04603767010709;(21)5*o'7g;(93)/7PL
(01)04603767010709;(21)5UqGZl;(93)dHfk
(01)04603767010709;(21)5nsqTn;(93)djy5
(01)04603767010709;(21)59Q&gl;(93)uzBr
(01)04603767010709;(21)58eUCR;(93)A8za
(01)04603767010709;(21)5qcVDG;(93)5Zqo
(01)04603767010709;(21)5!XPQj;(93)qcTc
(01)04603767010709;(21)5Vllkn;(93)FXLO
(01)04603767010709;(21)5ooN/R;(93)TLRZ
(01)04603767010709;(21)5JKbR:;(93)cHvn
(01)04603767010709;(21)5nhi;b;(93)msDn
(01)04603767010709;(21)5TEwtD;(93)KpOz
(01)04603767010709;(21)5lge?m;(93)KcgS
(01)04603767010709;(21)5cR-1d;(93)yOkd
(01)04603767010709;(21)5KrWbK;(93)s2rV
(01)04603767010709;(21)5%XY7d;(93)/o48
(01)04603767010709;(21)5Vc0au;(93)oHe5
(01)04603767010709;(21)5saU.F;(93)RqRr
(01)04603767010709;(21)5"eU7a;(93)Zlie
(01)04603767010709;(21)5KEjOY;(93)g46B
(01)04603767010709;(21)5+W)ti;(93)cBOP
(01)04603767010709;(21)5ZvVua;(93)/kd0
(01)04603767010709;(21)5h;Eoe;(93)/p0H
(01)04603767010709;(21)57:nou;(93)m3Hr
(01)04603767010709;(21)5le(/!;(93)DRJs
(01)04603767010709;(21)5(iJ?O;(93)AdX4
(01)04603767010709;(21)5<IB.h;(93)4T2o
(01)04603767010709;(21)5a8CbK;(93)HdkO
(01)04603767010709;(21)5mf!;I;(93)UYA5
(01)04603767010709;(21)5e3+Zt;(93)WdgK
(01)04603767010709;(21)5BrfQZ;(93)QnEa
(01)04603767010709;(21)5oiVS8;(93)nq7P
(01)04603767010709;(21)5iTL>h;(93)tLUQ
(01)04603767010709;(21)5RlMyr;(93)Hu0t
(01)04603767010709;(21)5F0%jS;(93)Hzvt
(01)04603767010709;(21)5BfXEt;(93)eamb
(01)04603767010709;(21)5JRJA6;(93)k+M+
(01)04603767010709;(21)5J?NV+;(93)2DA7
(01)04603767010709;(21)5Ylo&q;(93)Hr96
(01)04603767010709;(21)5TCdqk;(93)WJtD
(01)04603767010709;(21)5qeibj;(93)Wo7N
(01)04603767010709;(21)5/ta1<;(93)2Aly
(01)04603767010709;(21)5PSAFd;(93)GYnH
(01)04603767010709;(21)5FRBo3;(93)jZQG
(01)04603767010709;(21)5D2h:T;(93)+Elb
(01)04603767010709;(21)5e6I(=;(93)YxAt
(01)04603767010709;(21)5Kb/vO;(93)CzJK
(01)04603767010709;(21)5G280E;(93)0VzU
(01)04603767010709;(21)5dyECE;(93)fzmi
(01)04603767010709;(21)5HnV)B;(93)usYt
(01)04603767010709;(21)5p/QZC;(93)/2ct
(01)04603767010709;(21)5e6BlP;(93)Qb0R
(01)04603767010709;(21)5g.;V9;(93)yhWR
(01)04603767010709;(21)5HmrEJ;(93)hd0V
(01)04603767010709;(21)5Qc:OX;(93)pj4/
(01)04603767010709;(21)5(JWS:;(93)Z7ch
(01)04603767010709;(21)5mEaSc;(93)CyMt
(01)04603767010709;(21)5SJwuC;(93)Fk9D
(01)04603767010709;(21)5kKLRc;(93)jEov
(01)04603767010709;(21)5./(Wq;(93)iged
(01)04603767010709;(21)5nstL6;(93)BE6C
(01)04603767010709;(21)50jEdo;(93)BVXV
(01)04603767010709;(21)5RvBle;(93)4kZB
(01)04603767010709;(21)5HfSSu;(93)1A2g
(01)04603767010709;(21)5qFc7.;(93)KO68
(01)04603767010709;(21)5dj"p);(93)f8dJ
(01)04603767010709;(21)5eu=-j;(93)ArLE
(01)04603767010709;(21)5UcRGV;(93)55z3
(01)04603767010709;(21)5TZpNW;(93)+Ga8
(01)04603767010709;(21)5uejrR;(93)p9Hl
(01)04603767010709;(21)5THgQq;(93)p0BM
(01)04603767010709;(21)5ZQg)B;(93)6oGE
(01)04603767010709;(21)5)W?a2;(93)wq6X
(01)04603767010709;(21)5eEOFl;(93)RVJ3
(01)04603767010709;(21)5N*Pon;(93)Zag4
(01)04603767010709;(21)5X+f_O;(93)y9fJ
(01)04603767010709;(21)5e<:+o;(93)KyfQ
(01)04603767010709;(21)52UqB4;(93)VTe6
(01)04603767010709;(21)5UgTMF;(93)fRdX
(01)04603767010709;(21)5ICkdN;(93)cWjW
(01)04603767010709;(21)5rWsH6;(93)K0Qk
(01)04603767010709;(21)5D!!,>;(93)QLur
(01)04603767010709;(21)5hYT0C;(93)PtTp
(01)04603767010709;(21)5heLr';(93)QXZZ
(01)04603767010709;(21)53z-FI;(93)Hvs6
(01)04603767010709;(21)5X="&Z;(93)brV5
(01)04603767010709;(21)5VJL;Y;(93)nKTx
(01)04603767010709;(21)5%JbC;;(93)C0mE
(01)04603767010709;(21)5QCThp;(93)W0Yd
(01)04603767010709;(21)5SmtpA;(93)XCQR
(01)04603767010709;(21)58jSVh;(93)G/UW
(01)04603767010709;(21)59HMyo;(93)Jsm7
(01)04603767010709;(21)5oKPTn;(93)fgQt
(01)04603767010709;(21)5;./S*;(93)rBBE
(01)04603767010709;(21)5VT<rz;(93)OH3i
(01)04603767010709;(21)5FLDNC;(93)EhBF
(01)04603767010709;(21)5NfECF;(93)iyCn
(01)04603767010709;(21)5a9wpW;(93)0zzV
(01)04603767010709;(21)5tkir,;(93)v5Fj
(01)04603767010709;(21)5UD39F;(93)k+vA
(01)04603767010709;(21)5k2/Y7;(93)iSf5
(01)04603767010709;(21)5?(Wvm;(93)mEVE
(01)04603767010709;(21)5;ElIC;(93)Tp1P
(01)04603767010709;(21)5ijzH/;(93)Ebbu
(01)04603767010709;(21)5irHX(;(93)cZaU
(01)04603767010709;(21)5QEXo,;(93)5pUW
(01)04603767010709;(21)5vfX8h;(93)Jfp4
(01)04603767010709;(21)5aI4q_;(93)N2aM
(01)04603767010709;(21)53Jcip;(93)RhS4
(01)04603767010709;(21)5pWI/s;(93)FOxU
(01)04603767010709;(21)5DQFfo;(93)wEuf
(01)04603767010709;(21)5in>17;(93)NABi
(01)04603767010709;(21)5OB:%!;(93)AQHb
(01)04603767010709;(21)5o8UTR;(93)GXjK
(01)04603767010709;(21)5HLXIN;(93)rkft
(01)04603767010709;(21)5ntnYF;(93)3oqr
(01)04603767010709;(21)5eeOjo;(93)6xk3
(01)04603767010709;(21)5F2y');(93)LJEA
(01)04603767010709;(21)5m=HnO;(93)xN3/
(01)04603767010709;(21)5TnUms;(93)mZGs
(01)04603767010709;(21)5hpEi2;(93)FqKI
(01)04603767010709;(21)5dF"c,;(93)BD9T
(01)04603767010709;(21)5(Hl>7;(93)dEsX
(01)04603767010709;(21)5TDt4>;(93)fxzM
(01)04603767010709;(21)5YNdVk;(93)Rv1v
(01)04603767010709;(21)5o1g?M;(93)7vyA
(01)04603767010709;(21)5:r=Tp;(93)UR8n
(01)04603767010709;(21)5VMDWd;(93)7N1D
(01)04603767010709;(21)5_jmCE;(93)tPI8
(01)04603767010709;(21)5Ss%Hp;(93)oHfJ
(01)04603767010709;(21)59Pjvi;(93)Pmrd
(01)04603767010709;(21)5GWEc%;(93)qyko
(01)04603767010709;(21)5PNo*G;(93)Y/1N
(01)04603767010709;(21)5=C94l;(93)jgop
(01)04603767010709;(21)5+k=Ue;(93)6RTM
(01)04603767010709;(21)5P0/=J;(93)ToBX
(01)04603767010709;(21)58Yl*A;(93)STAV
(01)04603767010709;(21)5<GD2Q;(93)YhTN
(01)04603767010709;(21)5WS.Rk;(93)2PGL
(01)04603767010709;(21)5WcRI6;(93)N78+
(01)04603767010709;(21)5?Dj<k;(93)QUlE
(01)04603767010709;(21)5>SYgN;(93)pbr1
(01)04603767010709;(21)5_QbTQ;(93)IM3H
(01)04603767010709;(21)5t>PPc;(93)CTFB
(01)04603767010709;(21)5*xTbQ;(93)4s8S
(01)04603767010709;(21)5'ip%N;(93)JSMr
(01)04603767010709;(21)5LhZ.N;(93)9ARb
(01)04603767010709;(21)5Sisui;(93)mdDx
(01)04603767010709;(21)54oeZQ;(93)r7HA
(01)04603767010709;(21)5ZNXXd;(93)x2M1
(01)04603767010709;(21)5laBdk;(93)QzkD
(01)04603767010709;(21)5U"YZl;(93)WQwi
(01)04603767010709;(21)5OBqK0;(93)fftJ
(01)04603767010709;(21)5'5C*J;(93)u5hZ
(01)04603767010709;(21)5lie"I;(93)YNvH
(01)04603767010709;(21)5jkjpT;(93)1NML
(01)04603767010709;(21)5OOWmj;(93)TEZ6
(01)04603767010709;(21)5Y8hNq;(93)yG3c
(01)04603767010709;(21)5mMJ<g;(93)y5GC
(01)04603767010709;(21)5qN=-J;(93)YNmB
(01)04603767010709;(21)5_COqR;(93)6qZ6
(01)04603767010709;(21)5f-r!.;(93)gKa4
(01)04603767010709;(21)5GMbmJ;(93)Rj6l
(01)04603767010709;(21)54HtRT;(93)8HBW
(01)04603767010709;(21)5&uM:(;(93)3gCD
(01)04603767010709;(21)5TwpMa;(93)/vx3
(01)04603767010709;(21)5fDVmk;(93)mbWN
(01)04603767010709;(21)5IGP)E;(93)sbVU
(01)04603767010709;(21)5_jDtT;(93)8QE9
(01)04603767010709;(21)5)nl)!;(93)9cOV
(01)04603767010709;(21)5!Zdsg;(93)sSXA
(01)04603767010709;(21)5/3/xr;(93)Ibvy
(01)04603767010709;(21)5bRW*=;(93)C/uF
(01)04603767010709;(21)5EXLEK;(93)sAqr
(01)04603767010709;(21)5p4jSY;(93)J3k+
(01)04603767010709;(21)5uRKiY;(93)0Q7A
(01)04603767010709;(21)5:DGEf;(93)anZ8
(01)04603767010709;(21)5EF;km;(93)k1MN
(01)04603767010709;(21)5uV%gZ;(93)Bewn
(01)04603767010709;(21)5fpwe+;(93)wS3c
(01)04603767010709;(21)5qY?kE;(93)gHGU
(01)04603767010709;(21)5XZ7mV;(93)mhdK
(01)04603767010709;(21)5MF)dZ;(93)Pwnm
(01)04603767010709;(21)5Cnn?s;(93)dK21
(01)04603767010709;(21)5giR0I;(93)XNB6
(01)04603767010709;(21)5:SVhT;(93)nJpa
(01)04603767010709;(21)5tPkkQ;(93)/1L4
(01)04603767010709;(21)5awb7%;(93)AiBA
(01)04603767010709;(21)5Hel%V;(93)olqu
(01)04603767010709;(21)5axoyW;(93)RL9p
(01)04603767010709;(21)5hLg3G;(93)bDPx
(01)04603767010709;(21)5tEX*A;(93)sLNf
(01)04603767010709;(21)55bREo;(93)+c/X
(01)04603767010709;(21)52ItW,;(93)6s+I
(01)04603767010709;(21)5kFNS";(93)rh+l
(01)04603767010709;(21)5v1e,x;(93)UhJh
(01)04603767010709;(21)5(:h4e;(93)2rdJ
(01)04603767010709;(21)5nTymB;(93)KpZn
(01)04603767010709;(21)5t9BHe;(93)oqF5
(01)04603767010709;(21)5=2cnY;(93)xZHR
(01)04603767010709;(21)51J*pr;(93)odmX
(01)04603767010709;(21)5+kQCR;(93)8jNZ
(01)04603767010709;(21)5YN?de;(93)jQ9g
(01)04603767010709;(21)5cb7'";(93)cs57
(01)04603767010709;(21)5nY)Ci;(93)SFk5
(01)04603767010709;(21)5vE:oe;(93)Ryk3
(01)04603767010709;(21)5S.*,7;(93)0Ckg
(01)04603767010709;(21)5jj!!K;(93)TtVO
(01)04603767010709;(21)5,bBgV;(93)jaWw
(01)04603767010709;(21)5bKRAp;(93)BxuI
(01)04603767010709;(21)5svTif;(93)vuoj
(01)04603767010709;(21)5+oD1R;(93)VUj3
(01)04603767010709;(21)5INx?k;(93)9VJF
(01)04603767010709;(21)5TP%)%;(93)hqx6
(01)04603767010709;(21)5tRw<K;(93)2wkS
(01)04603767010709;(21)5Npxbu;(93)ehew
(01)04603767010709;(21)5IGlQ.;(93)LEqb
(01)04603767010709;(21)5LPDL';(93)t9mM
(01)04603767010709;(21)5IT(ig;(93)31fT
(01)04603767010709;(21)50qNo<;(93)L2Ef
(01)04603767010709;(21)5Nfeg7;(93)jCII
(01)04603767010709;(21)5DTIWD;(93)Bfn4
(01)04603767010709;(21)5MQgHf;(93)lklD
(01)04603767010709;(21)5w_Vfa;(93)DN1h
(01)04603767010709;(21)5GnjaO;(93)fbja
(01)04603767010709;(21)5eF"C9;(93)xi57
(01)04603767010709;(21)5Mj36R;(93)m1W3
(01)04603767010709;(21)5tS6om;(93)7VTe
(01)04603767010709;(21)59XrD6;(93)pMMx
(01)04603767010709;(21)5dZNYj;(93)YFL6
(01)04603767010709;(21)5H.=SP;(93)c+ya
(01)04603767010709;(21)5kCeSn;(93)S+pZ
(01)04603767010709;(21)5CNInn;(93)0Te3
(01)04603767010709;(21)5/TmrY;(93)vWx9
(01)04603767010709;(21)5;fdt;;(93)bxDF
(01)04603767010709;(21)5!QqDm;(93)o43w
(01)04603767010709;(21)5-h6fl;(93)6i5O
(01)04603767010709;(21)5CsOdO;(93)Bq/C
(01)04603767010709;(21)5BkmtN;(93)eoXs
(01)04603767010709;(21)5<j9P7;(93)uNss
(01)04603767010709;(21)5CKc1B;(93)k4V1
(01)04603767010709;(21)5CxWmH;(93)4w46
(01)04603767010709;(21)5i3V:R;(93)80BV
(01)04603767010709;(21)5"MIyy;(93)bou7
(01)04603767010709;(21)5_/DQ1;(93)k4Ob
(01)04603767010709;(21)5/W7q!;(93)gpua
(01)04603767010709;(21)5Ie1l!;(93)wEj0
(01)04603767010709;(21)5"WPcf;(93)kVwi
(01)04603767010709;(21)5,(S_m;(93)hihh
(01)04603767010709;(21)5ICtIY;(93)kBKh
(01)04603767010709;(21)5FF+h_;(93)gOD8
(01)04603767010709;(21)5KdAdM;(93)TQDn
(01)04603767010709;(21)5BNpbA;(93)YeEb
(01)04603767010709;(21)5'<&pB;(93)2FpW
(01)04603767010709;(21)5lFbVN;(93)Pem+
(01)04603767010709;(21)5F7p>a;(93)6SZk
(01)04603767010709;(21)5CKcaY;(93)H2Eb
(01)04603767010709;(21)5tn1Jr;(93)3aDQ
(01)04603767010709;(21)5ZGzu1;(93)0n+X
(01)04603767010709;(21)54cCET;(93)76UI
(01)04603767010709;(21)5R:b5*;(93)AUYt
(01)04603767010709;(21)5h6aEm;(93)yzll
(01)04603767010709;(21)5iZvvB;(93)89wo
(01)04603767010709;(21)5NlMqt;(93)tGdV
(01)04603767010709;(21)5VAblN;(93)v6YI
(01)04603767010709;(21)5S:OsP;(93)hL5W
(01)04603767010709;(21)5K37)V;(93)TY+I
(01)04603767010709;(21)5kdFCU;(93)pMts
(01)04603767010709;(21)54CQhg;(93)cO8O
(01)04603767010709;(21)5'j7ZT;(93)cgYJ
(01)04603767010709;(21)5mJ8Xt;(93)Q/oS
(01)04603767010709;(21)5Qc=;p;(93)r15D
(01)04603767010709;(21)5ojhzU;(93)6Uek
(01)04603767010709;(21)5LXxTj;(93)wMyV
(01)04603767010709;(21)5R,ZN6;(93)F+b+
(01)04603767010709;(21)5XnZkU;(93)ubzA
(01)04603767010709;(21)5yEWrk;(93)zEIU
(01)04603767010709;(21)5JbKbJ;(93)myuT
(01)04603767010709;(21)5rgxLM;(93)GbZu
(01)04603767010709;(21)5SRXl2;(93)1TmJ
(01)04603767010709;(21)5UJcpt;(93)VYVY
(01)04603767010709;(21)5AIRTU;(93)7Yqa
(01)04603767010709;(21)56mrhd;(93)f6IK
(01)04603767010709;(21)5Lyop,;(93)jiDX
(01)04603767010709;(21)5xcoUk;(93)x7tk
(01)04603767010709;(21)5eNchn;(93)gIAc
(01)04603767010709;(21)5NSCCe;(93)PLJX
(01)04603767010709;(21)5*gdHR;(93)ad5U
(01)04603767010709;(21)5BNq>q;(93)gC9x
(01)04603767010709;(21)5VoUz4;(93)fHlb
(01)04603767010709;(21)5NELsc;(93)HYEK
(01)04603767010709;(21)5igfEL;(93)SRD2
(01)04603767010709;(21)5sbfO+;(93)ZAX8
(01)04603767010709;(21)5cqV5/;(93)qNS9
(01)04603767010709;(21)5)sLhb;(93)t7nj
(01)04603767010709;(21)5lIJ:v;(93)yhPe
(01)04603767010709;(21)5nLFXJ;(93)yBGq
(01)04603767010709;(21)5c7GfC;(93)n2h+
(01)04603767010709;(21)5kvsZ4;(93)Yc1G
(01)04603767010709;(21)5QOnFM;(93)oSxA
(01)04603767010709;(21)55QIr.;(93)L8v+
(01)04603767010709;(21)5),qrR;(93)HBS8
(01)04603767010709;(21)5Zgr2N;(93)mYJF
(01)04603767010709;(21)5Dg?<1;(93)gA/L
(01)04603767010709;(21)5sEtAk;(93)2VfF
(01)04603767010709;(21)5diBh:;(93)TMdI
(01)04603767010709;(21)5:r9SD;(93)57qg
(01)04603767010709;(21)5a<l;P;(93)Nr0A
(01)04603767010709;(21)5rdEYC;(93)DYWA
(01)04603767010709;(21)5Vj4lG;(93)2pk8
(01)04603767010709;(21)5whsf;;(93)H2NK
(01)04603767010709;(21)5NAXmo;(93)URXK
(01)04603767010709;(21)5f>dU!;(93)77DW
(01)04603767010709;(21)5mh3Qt;(93)LBz2
(01)04603767010709;(21)5uWCFp;(93)k3d/
(01)04603767010709;(21)5JCjO&;(93)D9Hj
(01)04603767010709;(21)5t)YQF;(93)AN/9
(01)04603767010709;(21)5JKSoW;(93)9sjw
(01)04603767010709;(21)5"GRuW;(93)yk2C
(01)04603767010709;(21)5,P(Y0;(93)XAo6
(01)04603767010709;(21)5s2(-Z;(93)NUZs
(01)04603767010709;(21)5dhri<;(93)urKd
(01)04603767010709;(21)5c23g,;(93)EGPW
(01)04603767010709;(21)5:<jMf;(93)AdJQ
(01)04603767010709;(21)5l5ewj;(93)Or+Z
(01)04603767010709;(21)5BLOUS;(93)D+zL
(01)04603767010709;(21)5JAD%m;(93)Q0f7
(01)04603767010709;(21)5&%:k<;(93)hCFS
(01)04603767010709;(21)5inKb3;(93)2Kvo
(01)04603767010709;(21)5ZEYbx;(93)cplK
(01)04603767010709;(21)5Na8jl;(93)qu7m
(01)04603767010709;(21)5fKtM+;(93)ads2
(01)04603767010709;(21)51X&xb;(93)gf4Y
(01)04603767010709;(21)5qS8vq;(93)Cm5n
(01)04603767010709;(21)5UGXTt;(93)4OXw
(01)04603767010709;(21)5<olaH;(93)jwnX
(01)04603767010709;(21)5M:Mfz;(93)8/+F
(01)04603767010709;(21)5Z&RgG;(93)Kd4U
(01)04603767010709;(21)5ImoJI;(93)xhhc
(01)04603767010709;(21)5eLncS;(93)7h9X
(01)04603767010709;(21)5,W1AK;(93)PH+o
(01)04603767010709;(21)5ifvtf;(93)lLG2
(01)04603767010709;(21)5lweUF;(93)j2xj
(01)04603767010709;(21)5plGMe;(93)CXaj
(01)04603767010709;(21)5*lc!r;(93)cLvN
(01)04603767010709;(21)5Gg'Qr;(93)KxQv
(01)04603767010709;(21)5Y2csY;(93)usC+
(01)04603767010709;(21)5wj4dm;(93)XFjZ
(01)04603767010709;(21)5RCisO;(93)RqHL
(01)04603767010709;(21)5nW=KE;(93)GEws
(01)04603767010709;(21)5cymSt;(93)l6JJ
(01)04603767010709;(21)5aejcn;(93)CDHK
(01)04603767010709;(21)5uPfKu;(93)UsVY
(01)04603767010709;(21)5a&GY9;(93)n1l3
(01)04603767010709;(21)5Pj84A;(93)ZGgX
(01)04603767010709;(21)5JW1bt;(93)HoHf
(01)04603767010709;(21)54(Ya&;(93)lwKz
(01)04603767010709;(21)5kj(kG;(93)dx/q
(01)04603767010709;(21)5pPNPt;(93)oCrD
(01)04603767010709;(21)5a,P.&;(93)p/Tl
(01)04603767010709;(21)5V!>8C;(93)xFDD
(01)04603767010709;(21)5;axOo;(93)PMtM
(01)04603767010709;(21)5LQNr:;(93)My3C
(01)04603767010709;(21)5j8tJi;(93)8RXQ
(01)04603767010709;(21)5Ia)RQ;(93)Rx7b
(01)04603767010709;(21)5FuEB*;(93)AffM
(01)04603767010709;(21)5HDzNq;(93)p8rp
(01)04603767010709;(21)5TgGtt;(93)onfh
(01)04603767010709;(21)5e=JI3;(93)dt/F
(01)04603767010709;(21)5!O1R3;(93)ThTk
(01)04603767010709;(21)56Qq_g;(93)Dng4
(01)04603767010709;(21)5yRjWJ;(93)F9sz
(01)04603767010709;(21)5nfoPW;(93)FwZO
(01)04603767010709;(21)5H7+Zv;(93)8Xq4
(01)04603767010709;(21)5gT(Gq;(93)BmnF
(01)04603767010709;(21)5O(Lqx;(93)wOwz
(01)04603767010709;(21)5JatJH;(93)lrCt
(01)04603767010709;(21)52VonG;(93)RYeG
(01)04603767010709;(21)5GST6W;(93)NxHG
(01)04603767010709;(21)5/Z2Of;(93)mZlh
(01)04603767010709;(21)5YQUH<;(93)WLSr
(01)04603767010709;(21)5ruDVR;(93)Ptra
(01)04603767010709;(21)5ReC3y;(93)03b9
(01)04603767010709;(21)5afiS.;(93)f8PS
(01)04603767010709;(21)5fQmRQ;(93)4K4o
(01)04603767010709;(21)5(wDDF;(93)NIxJ
(01)04603767010709;(21)5DrUjn;(93)txx9
(01)04603767010709;(21)5%he%M;(93)ggnY
(01)04603767010709;(21)5vTE7.;(93)n/iY
(01)04603767010709;(21)5p(V?w;(93)tAAW
(01)04603767010709;(21)5G&K:o;(93)23sH
(01)04603767010709;(21)5Z?beO;(93)TSYf
(01)04603767010709;(21)5Jjm2;;(93)sitd
(01)04603767010709;(21)55Osfh;(93)+21J
(01)04603767010709;(21)51IDo.;(93)kxEI
(01)04603767010709;(21)5Yd=JP;(93)bnW3
(01)04603767010709;(21)5x6BnA;(93)YtMP
(01)04603767010709;(21)5?Podc;(93)sdgf
(01)04603767010709;(21)5vIYV';(93)21hZ
(01)04603767010709;(21)5wRKMp;(93)gPtN
(01)04603767010709;(21)5CqvPj;(93)iHC7
(01)04603767010709;(21)5elBEc;(93)Ouq1
(01)04603767010709;(21)5SZOTo;(93)q1Cj
(01)04603767010709;(21)5<gq<K;(93)62AT
(01)04603767010709;(21)5P"nnr;(93)EcwS
(01)04603767010709;(21)5dPW_E;(93)i+zp
(01)04603767010709;(21)5ssgqt;(93)vOLs
(01)04603767010709;(21)5cFVHZ;(93)4iPe
(01)04603767010709;(21)5:1ese;(93)23MY
(01)04603767010709;(21)59;_nL;(93)IDOX
(01)04603767010709;(21)58o?8z;(93)iyQs
(01)04603767010709;(21)55ooVN;(93)U+XF
(01)04603767010709;(21)5i79fO;(93)aGVT
(01)04603767010709;(21)5GRkFI;(93)/cSC
(01)04603767010709;(21)5KjUf;;(93)zkh/
(01)04603767010709;(21)5U'Due;(93)Za3+
(01)04603767010709;(21)5Qt_h9;(93)NmU1
(01)04603767010709;(21)5m"D)g;(93)4Kyb
(01)04603767010709;(21)5riMve;(93)X69i
(01)04603767010709;(21)5HRJAI;(93)ta6i
(01)04603767010709;(21)5ELolU;(93)+J0w
(01)04603767010709;(21)5>MgHh;(93)sAEm
(01)04603767010709;(21)5n'EJ8;(93)U85o
(01)04603767010709;(21)5=J4UB;(93)k1n4
(01)04603767010709;(21)5nxnRh;(93)Mq4T
(01)04603767010709;(21)5lRjta;(93)Gd1g
(01)04603767010709;(21)5jUD2F;(93)aynY
(01)04603767010709;(21)5mBq.C;(93)LUTM
(01)04603767010709;(21)5uXMEg;(93)WYAB
(01)04603767010709;(21)5iMxGJ;(93)WtLB
(01)04603767010709;(21)5LTYpP;(93)IOXD
(01)04603767010709;(21)5:G2G<;(93)664N
(01)04603767010709;(21)5f21&a;(93)RywX
(01)04603767010709;(21)5yglOg;(93)eWCp
(01)04603767010709;(21)5rNghG;(93)jJrd
(01)04603767010709;(21)5pNoBs;(93)Hp3k
(01)04603767010709;(21)5Mc4zx;(93)aStr
(01)04603767010709;(21)5DXcAo;(93)hbL5
(01)04603767010709;(21)5XuLC-;(93)/S82
(01)04603767010709;(21)5"j!fI;(93)VKhy
(01)04603767010709;(21)5!jRAF;(93)Vj7s
(01)04603767010709;(21)5,i>3F;(93)XM+T
(01)04603767010709;(21)5J9aWj;(93)as3g
(01)04603767010709;(21)5QaRaQ;(93)von1
(01)04603767010709;(21)55M;1o;(93)/ran
(01)04603767010709;(21)57X?TK;(93)t34C
(01)04603767010709;(21)5kHroR;(93)eURs
(01)04603767010709;(21)5jmfW9;(93)E1Re
(01)04603767010709;(21)5X3MpL;(93)N63a
(01)04603767010709;(21)5%hlDi;(93)Xykz
(01)04603767010709;(21)5"cQhO;(93)QuvC
(01)04603767010709;(21)5md;Hn;(93)PsYI
(01)04603767010709;(21)5hsRme;(93)79RF
(01)04603767010709;(21)5DU%Yl;(93)pO2c
(01)04603767010709;(21)5x=jhU;(93)iBYM
(01)04603767010709;(21)5*_'QU;(93)C7hz
(01)04603767010709;(21)5:+V7O;(93)81It
(01)04603767010709;(21)5Wir3g;(93)Vo+3
(01)04603767010709;(21)5T1Mg-;(93)xaq1
(01)04603767010709;(21)5oG&c/;(93)4yQ4
(01)04603767010709;(21)5kYCqe;(93)gxG1
(01)04603767010709;(21)50=l)r;(93)2ot2
(01)04603767010709;(21)5-TD?H;(93)I/oY
(01)04603767010709;(21)59JElJ;(93)9eRL
(01)04603767010709;(21)5vrb0P;(93)pWAj
(01)04603767010709;(21)5Buui,;(93)AmCi
(01)04603767010709;(21)5?GtTs;(93)mN79
(01)04603767010709;(21)5leudd;(93)mzC7
(01)04603767010709;(21)5oW7kc;(93)gUHP
(01)04603767010709;(21)5lFnF<;(93)E+Lk
(01)04603767010709;(21)5Ym+ar;(93)HKsq
(01)04603767010709;(21)5O/bPf;(93)EvbH
(01)04603767010709;(21)5fca-l;(93)dJon
(01)04603767010709;(21)5Dt8tn;(93)nQEY
(01)04603767010709;(21)58KiHZ;(93)81Rz
(01)04603767010709;(21)5Mokfr;(93)4dIS
(01)04603767010709;(21)5f'5=s;(93)yGG4
(01)04603767010709;(21)5OGhaW;(93)RfBJ
(01)04603767010709;(21)5!mlQo;(93)+eTl
(01)04603767010709;(21)5hdvXb;(93)qfW5
(01)04603767010709;(21)5kTkKu;(93)um/7
(01)04603767010709;(21)5Grt_T;(93)BWhw
(01)04603767010709;(21)599Da>;(93)0tOu
(01)04603767010709;(21)5QdV3r;(93)PFf2
(01)04603767010709;(21)5ljdtd;(93)/wo0
(01)04603767010709;(21)50AZo&;(93)wbDI
(01)04603767010709;(21)5dVUWX;(93)27Op
(01)04603767010709;(21)5FSeT!;(93)FKVn
(01)04603767010709;(21)56q1GN;(93)Hhvr
(01)04603767010709;(21)5pnVXJ;(93)ndi1
(01)04603767010709;(21)5YtNH:;(93)sHUt
(01)04603767010709;(21)5mcm)j;(93)dQM0
(01)04603767010709;(21)5fpZnA;(93)bKk3
(01)04603767010709;(21)5M+g/H;(93)1LPr
(01)04603767010709;(21)5,&vjk;(93)RCdf
(01)04603767010709;(21)5MhNgu;(93)QxSs
(01)04603767010709;(21)5VmF7E;(93)K++1
(01)04603767010709;(21)5&a3Im;(93)/9mR
(01)04603767010709;(21)5Lfdgn;(93)YCAO
(01)04603767010709;(21)5V&3My;(93)y3KU
(01)04603767010709;(21)5PyFHx;(93)ykfO
(01)04603767010709;(21)5Yhgj<;(93)OICF
(01)04603767010709;(21)5Dbi,R;(93)gh0N
(01)04603767010709;(21)5l&IER;(93)t0yZ
(01)04603767010709;(21)5rROG<;(93)QeaU
(01)04603767010709;(21)5miGJm;(93)RLBC
(01)04603767010709;(21)5dKqFR;(93)yi/u
(01)04603767010709;(21)5etQUa;(93)Pc44
(01)04603767010709;(21)5LDeI<;(93)146L
(01)04603767010709;(21)5AObUk;(93)hsGt
(01)04603767010709;(21)5GCSpm;(93)ToOp
(01)04603767010709;(21)55lvv7;(93)90GW
(01)04603767010709;(21)5Bq2Dd;(93)zzcI
(01)04603767010709;(21)5UDo:Y;(93)91kN
(01)04603767010709;(21)5AZ<uA;(93)+4XB
(01)04603767010709;(21)5LESpo;(93)qh9/
(01)04603767010709;(21)5-sUSo;(93)gQdH
(01)04603767010709;(21)52.Zfd;(93)PjEh
(01)04603767010709;(21)5qS-WM;(93)geDO
(01)04603767010709;(21)5-:Z,m;(93)gVEV
(01)04603767010709;(21)59-H(m;(93)v7Ab
(01)04603767010709;(21)5TPaHH;(93)vPgC
(01)04603767010709;(21)5h?m(-;(93)jYfo
(01)04603767010709;(21)5vZJY_;(93)0Qt9
(01)04603767010709;(21)5O2Z5V;(93)MnFr
(01)04603767010709;(21)5?E;t?;(93)EGeX
(01)04603767010709;(21)5OkNhb;(93)MakQ
(01)04603767010709;(21)5ADo!-;(93)cbWm
(01)04603767010709;(21)59&ZdS;(93)Dwf3
(01)04603767010709;(21)5XfeCi;(93)pv/k
(01)04603767010709;(21)5csS(%;(93)/SKq
(01)04603767010709;(21)5lCX'o;(93)pSmJ
(01)04603767010709;(21)5,nXOe;(93)qlS4
(01)04603767010709;(21)5O/*b2;(93)IRGu
(01)04603767010709;(21)5>8X6C;(93)tQUn
(01)04603767010709;(21)5-Qo>8;(93)KUNw
(01)04603767010709;(21)5C>kH<;(93)8311
(01)04603767010709;(21)5Q<h2O;(93)81lb
(01)04603767010709;(21)5N*UWQ;(93)P7tD
(01)04603767010709;(21)5"I:16;(93)/OwR
(01)04603767010709;(21)5yMesY;(93)/Bxs
(01)04603767010709;(21)5H;ojx;(93)xNGt
(01)04603767010709;(21)5r2dNO;(93)VJbf
(01)04603767010709;(21)5QQdWJ;(93)38Xl
(01)04603767010709;(21)5>6fVD;(93)YGLO
(01)04603767010709;(21)56eKVR;(93)DAnd
(01)04603767010709;(21)57sYrv;(93)8Khe
(01)04603767010709;(21)5WufMz;(93)0ocm
(01)04603767010709;(21)5LW0r8;(93)C9O6
(01)04603767010709;(21)5PiLL%;(93)iPAg
(01)04603767010709;(21)5L,/pX;(93)htRV
(01)04603767010709;(21)5j*)ZT;(93)cJ+a
(01)04603767010709;(21)5sSnj&;(93)nmTU
(01)04603767010709;(21)5lnUEZ;(93)5p66
(01)04603767010709;(21)5fjfnI;(93)ASNM
(01)04603767010709;(21)5pZIqu;(93)D8tr
(01)04603767010709;(21)5yLlh);(93)kbqB
(01)04603767010709;(21)5NgBHB;(93)NG6X
(01)04603767010709;(21)5CaOUR;(93)fTyu
(01)04603767010709;(21)5yGEVc;(93)MFaC
(01)04603767010709;(21)53TDq5;(93)Up5j
(01)04603767010709;(21)5LV_ff;(93)Q6N9
(01)04603767010709;(21)5sEnpB;(93)8S4w
(01)04603767010709;(21)5UU:db;(93)aAb2
(01)04603767010709;(21)5pa)Uf;(93)YBvs
(01)04603767010709;(21)5gTVi,;(93)RKQA
(01)04603767010709;(21)5LbJ6w;(93)Nc4i
(01)04603767010709;(21)5Ufid*;(93)w+/Z
(01)04603767010709;(21)5CHOQs;(93)VvD+
(01)04603767010709;(21)5tVKhT;(93)uqCj
(01)04603767010709;(21)5L2k-I;(93)uocJ
(01)04603767010709;(21)5-D!'2;(93)dYrp
(01)04603767010709;(21)5%<2ir;(93)S7EO
(01)04603767010709;(21)5WJZV,;(93)/XVR
(01)04603767010709;(21)5J-7.H;(93)JBrr
(01)04603767010709;(21)5bB1O*;(93)WBNg
(01)04603767010709;(21)5m7DNS;(93)Qzje
(01)04603767010709;(21)5Umo0p;(93)ZZ0D
(01)04603767010709;(21)5UMQML;(93)ZvWo
(01)04603767010709;(21)5yMCX1;(93)iaP0
(01)04603767010709;(21)5VFMu%;(93)9H/s
(01)04603767010709;(21)5!sLXG;(93)qvMw
(01)04603767010709;(21)5Sh1P3;(93)ttdU
(01)04603767010709;(21)5W&V2>;(93)5UwB
(01)04603767010709;(21)5H8t=Z;(93)k7ph
(01)04603767010709;(21)5a0Wt1;(93)5bjB
(01)04603767010709;(21)5CCdZ);(93)IOZC
(01)04603767010709;(21)5qg*5Z;(93)x/Jg
(01)04603767010709;(21)5JOaB(;(93)5iEA
(01)04603767010709;(21)5siHen;(93)liMC
(01)04603767010709;(21)5c!;qI;(93)MD6p
(01)04603767010709;(21)5cWRMP;(93)2rtM
(01)04603767010709;(21)5YXBE&;(93)+pq+
(01)04603767010709;(21)5M.lej;(93)xqg5
(01)04603767010709;(21)5"pO*l;(93)6YIT
(01)04603767010709;(21)5suYFh;(93)EAw6
(01)04603767010709;(21)5PfsEb;(93)wY8+
(01)04603767010709;(21)5bVXAy;(93)eM72
(01)04603767010709;(21)5"tp=b;(93)me+T
(01)04603767010709;(21)5Wc,id;(93)655K
(01)04603767010709;(21)5p+ezE;(93)5CU/
(01)04603767010709;(21)5>HThm;(93)2WSe
(01)04603767010709;(21)5zwglI;(93)gZO3
(01)04603767010709;(21)5EGXYU;(93)BYsy
(01)04603767010709;(21)5WU"f8;(93)xbj3
(01)04603767010709;(21)5HWflK;(93)laCo
(01)04603767010709;(21)5pSC9U;(93)Hfb7
(01)04603767010709;(21)5"OomG;(93)kf5k
(01)04603767010709;(21)5a%NLa;(93)7JgU
(01)04603767010709;(21)541CjZ;(93)u59M
(01)04603767010709;(21)5JRhnT;(93)o8vy
(01)04603767010709;(21)5(:s,J;(93)XtsS
(01)04603767010709;(21)5heihS;(93)NMvW
(01)04603767010709;(21)5I_p*q;(93)rYwS
(01)04603767010709;(21)52DN,D;(93)YYuT
(01)04603767010709;(21)5WkF",;(93)mwXD
(01)04603767010709;(21)5Y'TQc;(93)4heI
(01)04603767010709;(21)5SOdXg;(93)pLX6
(01)04603767010709;(21)5DrGCc;(93)4aX4
(01)04603767010709;(21)5<4m8I;(93)yKue
(01)04603767010709;(21)5kSd>V;(93)iI5M
(01)04603767010709;(21)5ms3%E;(93)8KKi
(01)04603767010709;(21)5KHGKM;(93)HDOM
(01)04603767010709;(21)5j<hwQ;(93)Mffw
(01)04603767010709;(21)5gFFiP;(93)8Ihl
(01)04603767010709;(21)5ZqHK*;(93)30BA
(01)04603767010709;(21)5;U6Tk;(93)T0dj
(01)04603767010709;(21)5fpwQ*;(93)cm9B
(01)04603767010709;(21)5osHdY;(93)5xkt
(01)04603767010709;(21)5>*A3Y;(93)SVPI
(01)04603767010709;(21)5!SYs);(93)41od
(01)04603767010709;(21)5sZuQ0;(93)l1yH
(01)04603767010709;(21)5ZX5cc;(93)QmJu
(01)04603767010709;(21)5&Wren;(93)12Gh
(01)04603767010709;(21)5ziXtk;(93)KxKj
(01)04603767010709;(21)5AB/?f;(93)6OpJ
(01)04603767010709;(21)5saTPn;(93)k8QR
(01)04603767010709;(21)5gVNbl;(93)ct9h
(01)04603767010709;(21)5;mhk>;(93)LLY3
(01)04603767010709;(21)59UOlm;(93)9/NI
(01)04603767010709;(21)5<s(EE;(93)Ypt5
(01)04603767010709;(21)5,ch61;(93)jeJg
(01)04603767010709;(21)5PmV.N;(93)wrP0
(01)04603767010709;(21)5H&WFI;(93)lt3W
(01)04603767010709;(21)5N:,Xx;(93)5Waz
(01)04603767010709;(21)5FEhrc;(93)7Nrb
(01)04603767010709;(21)5G;Z&q;(93)C0Jb
(01)04603767010709;(21)5oJ*AF;(93)+B0Z
(01)04603767010709;(21)5OS=GT;(93)9OzR
(01)04603767010709;(21)5qPEDD;(93)YCp/
(01)04603767010709;(21)5/C)=F;(93)ekTs
(01)04603767010709;(21)5F;YNl;(93)Tu+Y
(01)04603767010709;(21)5?jfrO;(93)PvC7
(01)04603767010709;(21)5vGvJR;(93)Q45z
(01)04603767010709;(21)5_4MM?;(93)/2dt
(01)04603767010709;(21)5EZKXO;(93)C4il
(01)04603767010709;(21)5ClI?h;(93)w2AA
(01)04603767010709;(21)5TWbh2;(93)QW4F
(01)04603767010709;(21)5tVZqZ;(93)20jj
(01)04603767010709;(21)5;B?YB;(93)B7gi
(01)04603767010709;(21)5Mii<&;(93)mnpU
(01)04603767010709;(21)5P5.ae;(93)Vh70
(01)04603767010709;(21)5gS"RY;(93)kL1A
(01)04603767010709;(21)5WuVuT;(93)mXJH
(01)04603767010709;(21)5(dVKq;(93)3Q1k
(01)04603767010709;(21)58'VHK;(93)SdUO
(01)04603767010709;(21)5<MoPm;(93)7ax9
(01)04603767010709;(21)5XKAm1;(93)ha3j
(01)04603767010709;(21)5hBCj8;(93)nEZx
(01)04603767010709;(21)5qPG;!;(93)tzH3
(01)04603767010709;(21)5xAQXJ;(93)UkAz
(01)04603767010709;(21)5nkwQS;(93)hx+j
(01)04603767010709;(21)5TXsf6;(93)w0Nb
(01)04603767010709;(21)5?KuNX;(93)doYL
(01)04603767010709;(21)5JSApu;(93)c1Pp
(01)04603767010709;(21)5Z8Mc+;(93)nU4f
(01)04603767010709;(21)5mbuS";(93)sygL
(01)04603767010709;(21)5Dn+Y9;(93)cQax
(01)04603767010709;(21)55gKrh;(93)DyVa
(01)04603767010709;(21)5eHFSB;(93)Wl0/
(01)04603767010709;(21)5m++8e;(93)/Six
(01)04603767010709;(21)58qARr;(93)lRDl
(01)04603767010709;(21)5Gb'qQ;(93)rli2
(01)04603767010709;(21)5==Z=t;(93)Ip9Z
(01)04603767010709;(21)5nnnuk;(93)Q2+A
(01)04603767010709;(21)5f/VoO;(93)gWVQ
(01)04603767010709;(21)5!B+HL;(93)M6Ou
(01)04603767010709;(21)5%ekcz;(93)ESBN
(01)04603767010709;(21)5*49B6;(93)Jeju
(01)04603767010709;(21)5sLJIA;(93)VFs1
(01)04603767010709;(21)5dSWeM;(93)v8hY
(01)04603767010709;(21)5VoYnA;(93)3KWN
(01)04603767010709;(21)5FpqBg;(93)fnmF
(01)04603767010709;(21)5ZblrI;(93)/FzM
(01)04603767010709;(21)5WGMfd;(93)DoAm
(01)04603767010709;(21)5WD)ll;(93)ar/R
(01)04603767010709;(21)56RqYe;(93)KISj
(01)04603767010709;(21)5CEIXz;(93)D890
(01)04603767010709;(21)5don-U;(93)yN5x
(01)04603767010709;(21)5ZWaaf;(93)PAlX
(01)04603767010709;(21)5)+HO8;(93)Yqr9
(01)04603767010709;(21)5mffMZ;(93)tFPE
(01)04603767010709;(21)5P=e/K;(93)iU8R
(01)04603767010709;(21)5kGhSP;(93)XRfy
(01)04603767010709;(21)5V2GHC;(93)GD89
(01)04603767010709;(21)5rM7Nj;(93)8QVH
(01)04603767010709;(21)5dbLFC;(93)NfCp
(01)04603767010709;(21)5K%8g>;(93)2d9O
(01)04603767010709;(21)5wtEAc;(93)sRp5
(01)04603767010709;(21)5tv<Cf;(93)gftf
(01)04603767010709;(21)5kPauh;(93)Osn/
(01)04603767010709;(21)5O;-hR;(93)K7Rd
(01)04603767010709;(21)5Jh-GG;(93)KTFR
(01)04603767010709;(21)5eZMGr;(93)lWXN
(01)04603767010709;(21)5BP&IS;(93)GA+H
(01)04603767010709;(21)52>c99;(93)gz/j
(01)04603767010709;(21)5nl'Df;(93)fxZ8
(01)04603767010709;(21)59D7&O;(93)jTrC
(01)04603767010709;(21)5TsYkp;(93)ZTZw
(01)04603767010709;(21)57THw,;(93)MECs
(01)04603767010709;(21)5BkCmE;(93)gAsz
(01)04603767010709;(21)5egKFT;(93)63gb
(01)04603767010709;(21)5R7VXt;(93)erl1
(01)04603767010709;(21)5qUNTK;(93)RG1x
(01)04603767010709;(21)5=sM-E;(93)eq8e
(01)04603767010709;(21)5%tb*c;(93)Sxtm
(01)04603767010709;(21)5gJ(ry;(93)T9GA
(01)04603767010709;(21)5_RInO;(93)1gz2
(01)04603767010709;(21)5iFTNE;(93)/L9W
(01)04603767010709;(21)57FoW";(93)OOLx
(01)04603767010709;(21)5zXgoI;(93)PK8W
(01)04603767010709;(21)5ZKsle;(93)uvAU
(01)04603767010709;(21)5pE;bA;(93)ywWo
(01)04603767010709;(21)5t>6Ui;(93)ESTp
(01)04603767010709;(21)5Aj<ju;(93)3UAp
(01)04603767010709;(21)5Z!JQG;(93)AyXf
(01)04603767010709;(21)5agYPJ;(93)ERuS
(01)04603767010709;(21)5yDara;(93)Yf4N
(01)04603767010709;(21)5cGPCI;(93)8efj
(01)04603767010709;(21)5H%scl;(93)oPoP
(01)04603767010709;(21)5&pBpR;(93)sj2K
(01)04603767010709;(21)5ViERH;(93)Asqz
(01)04603767010709;(21)5rOvb*;(93)NSs/
(01)04603767010709;(21)5SZG=;;(93)tmQb
(01)04603767010709;(21)5"52oD;(93)Kihg
(01)04603767010709;(21)5W(Vde;(93)KyJ3
(01)04603767010709;(21)5o+cbZ;(93)cq2d
(01)04603767010709;(21)5tdCl2;(93)jK9j
(01)04603767010709;(21)5.DUEt;(93)Vdos
(01)04603767010709;(21)5Tpj5C;(93)UjRA
(01)04603767010709;(21)5CpLZD;(93)1uQo
(01)04603767010709;(21)5aWvqq;(93)lek6
(01)04603767010709;(21)5d?eSN;(93)DaEN
(01)04603767010709;(21)5XZ>-G;(93)uYnM
(01)04603767010709;(21)5jV!Y>;(93)kqi/
(01)04603767010709;(21)5IWfi4;(93)DYeB
(01)04603767010709;(21)5,7HHC;(93)xyS/
(01)04603767010709;(21)5rT<5D;(93)kL9/
(01)04603767010709;(21)5Q*NJu;(93)ePJS
(01)04603767010709;(21)5uL(o4;(93)A8Wx
(01)04603767010709;(21)5CU"EA;(93)eBoG
(01)04603767010709;(21)5PfkA<;(93)7o58
(01)04603767010709;(21)5MCzGj;(93)Fvd5
(01)04603767010709;(21)5hMWiL;(93)sXWk
(01)04603767010709;(21)5__=l&;(93)RTcX
(01)04603767010709;(21)5t-Apm;(93)iFXe
(01)04603767010709;(21)52Gpmb;(93)AWhY
(01)04603767010709;(21)5Er=ME;(93)FIpM
(01)04603767010709;(21)5yNlh/;(93)10rD
(01)04603767010709;(21)5_A'4v;(93)1UXe
(01)04603767010709;(21)5ZEpeX;(93)aMH4
(01)04603767010709;(21)5*otHn;(93)hnba
(01)04603767010709;(21)5Vph<7;(93)sjBX
(01)04603767010709;(21)5Q/KKO;(93)80NT
(01)04603767010709;(21)5aIO(,;(93)FdOb
(01)04603767010709;(21)5VJi,7;(93)ouPI
(01)04603767010709;(21)5q%5R';(93)ESQy
(01)04603767010709;(21)5krJHE;(93)a6bS
(01)04603767010709;(21)5e%7nH;(93)/LSV
(01)04603767010709;(21)5-h+KX;(93)UqPd
(01)04603767010709;(21)5UsnAB;(93)/1zf
(01)04603767010709;(21)5Mnhn9;(93)CR0C
(01)04603767010709;(21)5:+Wdn;(93)S6Jg
(01)04603767010709;(21)5kORt3;(93)tiAs
(01)04603767010709;(21)5YRO<t;(93)olGT
(01)04603767010709;(21)5>jYEV;(93)AZg8
(01)04603767010709;(21)5KK"ey;(93)1xZw
(01)04603767010709;(21)5K;LgV;(93)Tcc3
(01)04603767010709;(21)5Eacg';(93)Uv0e
(01)04603767010709;(21)5jj0p8;(93)z4UW
(01)04603767010709;(21)5lqWk:;(93)oGxF
(01)04603767010709;(21)5Y4WGC;(93)oTc0
(01)04603767010709;(21)5JLCFS;(93)n/5K
(01)04603767010709;(21)5qinQU;(93)WIs2
(01)04603767010709;(21)5RxYkT;(93)Sarr
(01)04603767010709;(21)587cE8;(93)lcjF
(01)04603767010709;(21)5OKMwl;(93)fTSd
(01)04603767010709;(21)5d:"MJ;(93)9kYD
(01)04603767010709;(21)5ZKNnb;(93)0Dbr
(01)04603767010709;(21)58gfGm;(93)q/mY
(01)04603767010709;(21)5wtf;!;(93)ssx6
(01)04603767010709;(21)5TVPId;(93)fO0d
(01)04603767010709;(21)5/>WW(;(93)ylvl
(01)04603767010709;(21)5eVUQM;(93)kuNl
(01)04603767010709;(21)58wUIW;(93)VZqN
(01)04603767010709;(21)5cXqtm;(93)EJe+
(01)04603767010709;(21)5(Lvg0;(93)U17D
(01)04603767010709;(21)5NdK-C;(93)93Cg
(01)04603767010709;(21)5TH'7U;(93)IvP9
(01)04603767010709;(21)5FypvY;(93)jU/u
(01)04603767010709;(21)5rHLCT;(93)Nl8I
(01)04603767010709;(21)59yG9i;(93)JYrJ
(01)04603767010709;(21)5F5znT;(93)cPlJ
(01)04603767010709;(21)5CJZC:;(93)5EAg
(01)04603767010709;(21)5GoCl6;(93)oWSx
(01)04603767010709;(21)5gN*wM;(93)DBVh
(01)04603767010709;(21)5,gJFN;(93)fvgT
(01)04603767010709;(21)5(3ZUj;(93)Be3e
(01)04603767010709;(21)5LbU:s;(93)BvHv
(01)04603767010709;(21)55D%7Z;(93)06YE
(01)04603767010709;(21)5tdPIO;(93)tJvJ
(01)04603767010709;(21)5kR8i1;(93)mR4i
(01)04603767010709;(21)5tJpyt;(93)xX5/
(01)04603767010709;(21)5VUC5C;(93)h7ER
(01)04603767010709;(21)5eQL>R;(93)yrtL
(01)04603767010709;(21)5CqjN>;(93)uwQX
(01)04603767010709;(21)5OKVU,;(93)PNu7
(01)04603767010709;(21)5<,=Zg;(93)FqkR
(01)04603767010709;(21)5:H,7c;(93)+Hyf
(01)04603767010709;(21)57ch_U;(93)ka4K
(01)04603767010709;(21)5moH8);(93)MVE0
(01)04603767010709;(21)5<cUJO;(93)D6br
(01)04603767010709;(21)5_ID7z;(93)Q+Ja
(01)04603767010709;(21)5DjfXR;(93)0i7N
(01)04603767010709;(21)5?2McB;(93)6gOH
(01)04603767010709;(21)5FpMTC;(93)MEKx
(01)04603767010709;(21)5?9Z(j;(93)AlWx
(01)04603767010709;(21)5e3YOr;(93)1SeO
(01)04603767010709;(21)5*CPkU;(93)pZe4
(01)04603767010709;(21)5ToxUr;(93)qe16
(01)04603767010709;(21)5bh6uJ;(93)AuuW
(01)04603767010709;(21)5w(NW);(93)rrET
(01)04603767010709;(21)5>sxPX;(93)UzNT
(01)04603767010709;(21)5bkAft;(93)NS1O
(01)04603767010709;(21)5imH"e;(93)eXVx
(01)04603767010709;(21)5BYVqq;(93)WTUV
(01)04603767010709;(21)5lSBI/;(93)0y1x
(01)04603767010709;(21)5VFL.D;(93)XuDN
(01)04603767010709;(21)5Rwjpq;(93)TSV7
(01)04603767010709;(21)5F-J=l;(93)FqWg
(01)04603767010709;(21)5UV'/c;(93)1H0K
(01)04603767010709;(21)5'0Ns1;(93)ixYR
(01)04603767010709;(21)5wGcVg;(93)0RfQ
(01)04603767010709;(21)5lCpOJ;(93)04sC
(01)04603767010709;(21)5AGDQB;(93)TEvX
(01)04603767010709;(21)5uhN*U;(93)xH0P
(01)04603767010709;(21)5U.iM8;(93)hswT
(01)04603767010709;(21)5BPIHP;(93)N+Xv
(01)04603767010709;(21)5UIXZ%;(93)QZo8
(01)04603767010709;(21)5a8Xrt;(93)to7y
(01)04603767010709;(21)53D6Vq;(93)bQvM
(01)04603767010709;(21)5ZT?Gd;(93)Emoh
(01)04603767010709;(21)5:=Fkt;(93)9NeU
(01)04603767010709;(21)5Vf/0t;(93)2lBT
(01)04603767010709;(21)5lPptu;(93)jbtG
(01)04603767010709;(21)5>_EY&;(93)+7xH
(01)04603767010709;(21)5dgVPn;(93)LQPD
(01)04603767010709;(21)54GPYK;(93)EpM2
(01)04603767010709;(21)5KFTl:;(93)aORQ
(01)04603767010709;(21)5MfKCY;(93)79eF
(01)04603767010709;(21)5kHXEb;(93)RP8V
(01)04603767010709;(21)54tYFe;(93)7pr6
(01)04603767010709;(21)5LjHTq;(93)/sOB
(01)04603767010709;(21)5uSfBO;(93)cuFe
(01)04603767010709;(21)5O7L7U;(93)xO20
(01)04603767010709;(21)5IcmkT;(93)7L0C
(01)04603767010709;(21)5f1CUh;(93)XYTC
(01)04603767010709;(21)5/IdnZ;(93)r0RW
(01)04603767010709;(21)5O2CYf;(93)52Tk
(01)04603767010709;(21)5ShorO;(93)41FF
(01)04603767010709;(21)5m;PoZ;(93)l8Ji
(01)04603767010709;(21)5s;cTx;(93)+k0D
(01)04603767010709;(21)5MQRmm;(93)DyE0
(01)04603767010709;(21)5;uP0T;(93)Xs3P
(01)04603767010709;(21)5ynWr4;(93)/vMe
(01)04603767010709;(21)5XjsMX;(93)uVzU
(01)04603767010709;(21)5&dkNZ;(93)xpA2
(01)04603767010709;(21)5DQ"Vn;(93)dL+R
(01)04603767010709;(21)5F>O4D;(93)XvJl
(01)04603767010709;(21)5b?Hfg;(93)5JfC
(01)04603767010709;(21)57CsqW;(93)hG6J
(01)04603767010709;(21)5m)5mA;(93)2NGz
(01)04603767010709;(21)5:uTdF;(93)T5ON
(01)04603767010709;(21)5ylj'4;(93)eSno
(01)04603767010709;(21)5Xl'jS;(93)icG2
(01)04603767010709;(21)5aBZch;(93)ePPZ
(01)04603767010709;(21)5MWvJP;(93)CyYF
(01)04603767010709;(21)5uooI5;(93)t3Yv
(01)04603767010709;(21)5Tecsz;(93)8Rfc
(01)04603767010709;(21)5rJ8w>;(93)1Fks
(01)04603767010709;(21)5FjpMd;(93)n2+E
(01)04603767010709;(21)5MM!cW;(93)y1Y2
(01)04603767010709;(21)5;'u%J;(93)4Inu
(01)04603767010709;(21)5I/TJD;(93)LNUF
(01)04603767010709;(21)5RodQf;(93)Pn/z
(01)04603767010709;(21)5CTgrW;(93)BAof
(01)04603767010709;(21)5FvPnM;(93)srdo
(01)04603767010709;(21)5m;qUC;(93)FlNE
(01)04603767010709;(21)5XePW";(93)TvIM
(01)04603767010709;(21)5nN!&&;(93)VxAY
(01)04603767010709;(21)5giWeg;(93)1JGa
(01)04603767010709;(21)5&!Jee;(93)6WPV
(01)04603767010709;(21)5B5,7K;(93)o40/
(01)04603767010709;(21)5JYdVd;(93)ERZ3
(01)04603767010709;(21)5UqSEH;(93)KxMI
(01)04603767010709;(21)5:UHGo;(93)mzeZ
(01)04603767010709;(21)5HMfCo;(93)7uIQ
(01)04603767010709;(21)5EDZoy;(93)9Skm
(01)04603767010709;(21)5Vi;Ss;(93)gcXz
(01)04603767010709;(21)5!<vNl;(93)2sk3
(01)04603767010709;(21)5DA&5n;(93)bd4O
(01)04603767010709;(21)5a;7zt;(93)rCEV
(01)04603767010709;(21)5kK%8n;(93)IjLr
(01)04603767010709;(21)5QsBth;(93)ftja
(01)04603767010709;(21)5gkQ=G;(93)F2VB
(01)04603767010709;(21)5siy7o;(93)IoGA
(01)04603767010709;(21)5IaD7(;(93)/p5a
(01)04603767010709;(21)5ZaHJt;(93)qujb
(01)04603767010709;(21)5og,od;(93)x7mh
(01)04603767010709;(21)5LDgGq;(93)2nfa
(01)04603767010709;(21)5eW1GN;(93)n5Ju
(01)04603767010709;(21)5ZhHrm;(93)XGZ0
(01)04603767010709;(21)5c2Gje;(93)u9+h
(01)04603767010709;(21)5_Varo;(93)NfX8
(01)04603767010709;(21)5/U0-G;(93)MzBl
(01)04603767010709;(21)5CRO5J;(93)Jz6t
(01)04603767010709;(21)5m5yE&;(93)5Vbc
(01)04603767010709;(21)5>o;hX;(93)RsuM
(01)04603767010709;(21)5YXsBJ;(93)gqSo
(01)04603767010709;(21)50UxSC;(93)IBvC
(01)04603767010709;(21)5OaU'/;(93)Ypd8
(01)04603767010709;(21)5P1Wm:;(93)mJ7V
(01)04603767010709;(21)5d<Cb*;(93)bPNb
(01)04603767010709;(21)5JBYKm;(93)eG8Q
(01)04603767010709;(21)5i3CT>;(93)neXJ
(01)04603767010709;(21)5XRtAL;(93)Fj6o
(01)04603767010709;(21)537LLt;(93)95IL
(01)04603767010709;(21)5%.mOM;(93)TD14
(01)04603767010709;(21)5!0;nb;(93)Jy/3
(01)04603767010709;(21)5Rktl3;(93)Jsec
(01)04603767010709;(21)5DQAPr;(93)NcyQ
(01)04603767010709;(21)5tHc=X;(93)vWQ6
(01)04603767010709;(21)526N.B;(93)cOmw
(01)04603767010709;(21)5u:sJS;(93)Kv3B
(01)04603767010709;(21)5dcw(t;(93)69f5
(01)04603767010709;(21)5V2tHR;(93)EtjS
(01)04603767010709;(21)5RVKHA;(93)gKJG
(01)04603767010709;(21)59KfzK;(93)mbok
(01)04603767010709;(21)5hiGfK;(93)J7pk
(01)04603767010709;(21)574o.2;(93)h1I5
(01)04603767010709;(21)5Ot+SA;(93)EYk3
(01)04603767010709;(21)5:INcU;(93)dO1F
(01)04603767010709;(21)5j?qPi;(93)L+nx
(01)04603767010709;(21)5Q4Mb0;(93)Ob9H
(01)04603767010709;(21)5efVWx;(93)QXuK
(01)04603767010709;(21)5Rx)v,;(93)S7Mf
(01)04603767010709;(21)5a;bVN;(93)KWfk
(01)04603767010709;(21)5bUKh%;(93)SaGT
(01)04603767010709;(21)5pXq7U;(93)LaeE
(01)04603767010709;(21)5Occxq;(93)XiC9
(01)04603767010709;(21)5QO1en;(93)nLDm
(01)04603767010709;(21)52)IwT;(93)s9wn
(01)04603767010709;(21)5mDhW<;(93)7odH
(01)04603767010709;(21)5EQrX8;(93)+kDE
(01)04603767010709;(21)5rEQcp;(93)16xI
(01)04603767010709;(21)5"jzos;(93)2W7a
(01)04603767010709;(21)56-OH';(93)4iqx
(01)04603767010709;(21)5RfQC3;(93)VtlS
(01)04603767010709;(21)5jT>gm;(93)X14j
(01)04603767010709;(21)5b%2RV;(93)QgFe
(01)04603767010709;(21)5WkWU';(93)nchz
(01)04603767010709;(21)5sGifp;(93)U58N
(01)04603767010709;(21)5Vm94,;(93)wJPD
(01)04603767010709;(21)5=wLwB;(93)KLMb
(01)04603767010709;(21)5IdAsh;(93)hRHM
(01)04603767010709;(21)5XOnft;(93)e/Yo
(01)04603767010709;(21)5l=>R0;(93)SNaH
(01)04603767010709;(21)50IFlA;(93)mx2Q
(01)04603767010709;(21)5MJh%M;(93)BV/z
(01)04603767010709;(21)5Hhz*C;(93)j4kg
(01)04603767010709;(21)5w<Sdy;(93)Tm0Z
(01)04603767010709;(21)5Xlhn-;(93)RkA1
(01)04603767010709;(21)5C2PWl;(93)Ggcm
(01)04603767010709;(21)5!QwVY;(93)Z01p
(01)04603767010709;(21)51&)J1;(93)kqSi
(01)04603767010709;(21)5Wc*<d;(93)h2SA
(01)04603767010709;(21)5CiZCg;(93)VYHC
(01)04603767010709;(21)5SPRiw;(93)/QMt
(01)04603767010709;(21)5DIk)q;(93)PVH8
(01)04603767010709;(21)5kCGpj;(93)A3HM
(01)04603767010709;(21)5qltZU;(93)6woM
(01)04603767010709;(21)5at2PI;(93)VQxL
(01)04603767010709;(21)53TYzr;(93)7Q0m
(01)04603767010709;(21)5uODWw;(93)Ojsh
(01)04603767010709;(21)5f2ewr;(93)cVu5
(01)04603767010709;(21)5GPg'x;(93)2ZIE
(01)04603767010709;(21)5vxi>A;(93)dTHt
(01)04603767010709;(21)5SyUj2;(93)jiVH
(01)04603767010709;(21)5A/(bS;(93)IUmu
(01)04603767010709;(21)5ZEN+;;(93)lVI7
(01)04603767010709;(21)58G'iT;(93)uq7o
(01)04603767010709;(21)5NKNFD;(93)siE+
(01)04603767010709;(21)5iV'UA;(93)12A9
(01)04603767010709;(21)5BrrT*;(93)/Z1B
(01)04603767010709;(21)5GAgUc;(93)FK40
(01)04603767010709;(21)5rrMsp;(93)XpHu
(01)04603767010709;(21)5O(JRc;(93)nRsl
(01)04603767010709;(21)5en08;;(93)zKMB
(01)04603767010709;(21)5i/zO4;(93)pxXk
(01)04603767010709;(21)5QKlQ4;(93)qMPU
(01)04603767010709;(21)5q!,P";(93)fwGs
(01)04603767010709;(21)5YJ5&4;(93)z52e
(01)04603767010709;(21)5/00Hl;(93)0pap
(01)04603767010709;(21)5hfpVw;(93)ayXl
(01)04603767010709;(21)5!mMri;(93)1k0E
(01)04603767010709;(21)5fVvyK;(93)Tv5k
(01)04603767010709;(21)5ok7o:;(93)uI1c
(01)04603767010709;(21)5GV;-K;(93)96X4
(01)04603767010709;(21)5t'Dw/;(93)29Bm
(01)04603767010709;(21)5(!QOf;(93)yOpj
(01)04603767010709;(21)55g"oZ;(93)aZue
(01)04603767010709;(21)5&iCmy;(93)ridG
(01)04603767010709;(21)5WUhF3;(93)US63
(01)04603767010709;(21)5wx,xB;(93)6u5/
(01)04603767010709;(21)5LpJ9o;(93)LU8k
(01)04603767010709;(21)5NnjF<;(93)lsrY
(01)04603767010709;(21)5<2tIR;(93)6apI
(01)04603767010709;(21)5qHgOP;(93)p+hc
(01)04603767010709;(21)5YBKrh;(93)PPDt
(01)04603767010709;(21)5RuzjJ;(93)pslS
(01)04603767010709;(21)5K8tM2;(93)fbyt
(01)04603767010709;(21)5FWDhD;(93)eU1b
(01)04603767010709;(21)5LeUwn;(93)0jmA
(01)04603767010709;(21)5tXdDF;(93)I9G9
(01)04603767010709;(21)5;"eLU;(93)vNVm
(01)04603767010709;(21)5>SENG;(93)voq+
(01)04603767010709;(21)5LT(VI;(93)SMV3
(01)04603767010709;(21)5eVj<a;(93)ucMQ
(01)04603767010709;(21)5QB-Ua;(93)MJtc
(01)04603767010709;(21)5CqIVY;(93)/ebo
(01)04603767010709;(21)5P<pLV;(93)E7Qo
(01)04603767010709;(21)5!dIk7;(93)UJLN
(01)04603767010709;(21)5MyR?c;(93)DS/7
(01)04603767010709;(21)5NoB2Y;(93)3iyB
(01)04603767010709;(21)5qK;pd;(93)59s/
(01)04603767010709;(21)5P<ite;(93)HSOz
(01)04603767010709;(21)5NiQ3F;(93)fb9K
(01)04603767010709;(21)5r<S9C;(93)bXFZ
(01)04603767010709;(21)5P0qUh;(93)Kjnk
(01)04603767010709;(21)5!9q((;(93)NRHB
(01)04603767010709;(21)5TOU7U;(93)A0Nq
(01)04603767010709;(21)5LQ-<4;(93)cWSQ
(01)04603767010709;(21)5T,*nY;(93)oZKe
(01)04603767010709;(21)5E,O8K;(93)/wcX
(01)04603767010709;(21)5VMTo";(93)Pktp
(01)04603767010709;(21)5gXgRz;(93)WBIN
(01)04603767010709;(21)50tZlA;(93)ckOC
(01)04603767010709;(21)5DT!pE;(93)SA2K
(01)04603767010709;(21)5pMF?I;(93)Qz45
(01)04603767010709;(21)5M5%kE;(93)DFq8
(01)04603767010709;(21)5Jtrp4;(93)8max
(01)04603767010709;(21)5a)'TY;(93)WV3h
(01)04603767010709;(21)5NLq&Z;(93)q3HC
(01)04603767010709;(21)5Ni+FR;(93)hI6g
(01)04603767010709;(21)5kY:iq;(93)XfJl
(01)04603767010709;(21)51Ra9!;(93)uk+G
(01)04603767010709;(21)5Dc"Fl;(93)X/nC
(01)04603767010709;(21)5CI<MI;(93)PEff
(01)04603767010709;(21)55lfU>;(93)8kRP
(01)04603767010709;(21)5P)*o*;(93)Nnm/
(01)04603767010709;(21)5W!>FD;(93)flDv
(01)04603767010709;(21)5/ggOj;(93)bn8T
(01)04603767010709;(21)5syVpH;(93)DmEs
(01)04603767010709;(21)5aey-d;(93)RfuA
(01)04603767010709;(21)5Fpc;r;(93)WAJi
(01)04603767010709;(21)5DDH*Y;(93)DZDJ
(01)04603767010709;(21)5;nK>F;(93)YbkJ
(01)04603767010709;(21)5qciOm;(93)pWnC
(01)04603767010709;(21)5I!ufA;(93)PHZT
(01)04603767010709;(21)5fe01!;(93)zqgF
(01)04603767010709;(21)5<<;dS;(93)b6M3
(01)04603767010709;(21)5mRyv/;(93)nG10
(01)04603767010709;(21)5!f!J6;(93)sns4
(01)04603767010709;(21)5/AnWK;(93)mX99
(01)04603767010709;(21)5LKMMR;(93)vLXK
(01)04603767010709;(21)5C8uQ;;(93)tCcj
(01)04603767010709;(21)5MOdtE;(93)0kSC
(01)04603767010709;(21)5C5Y*j;(93)m/Nu
(01)04603767010709;(21)5l"xto;(93)wfSf
(01)04603767010709;(21)5%begP;(93)tLOK
(01)04603767010709;(21)5caMgr;(93)S1nq
(01)04603767010709;(21)5PQHZO;(93)k4em
(01)04603767010709;(21)5PlSIX;(93)v62G
(01)04603767010709;(21)56XZ"P;(93)qrnJ
(01)04603767010709;(21)5LN!JY;(93)Kt9J
(01)04603767010709;(21)5dI=lD;(93)BQyE
(01)04603767010709;(21)5JMrKH;(93)cmVC
(01)04603767010709;(21)56jRu0;(93)hfW5
(01)04603767010709;(21)5RT(b/;(93)qS4Q
(01)04603767010709;(21)5NIKju;(93)ooaO
(01)04603767010709;(21)5?/vS&;(93)KQ3a
(01)04603767010709;(21)5QqmjR;(93)tgZ2
(01)04603767010709;(21)5Q:7Qb;(93)iS0h
(01)04603767010709;(21)5Plb&v;(93)C4qO
(01)04603767010709;(21)5wJero;(93)2UsA
(01)04603767010709;(21)5uBC"1;(93)DQR5
(01)04603767010709;(21)5xr'23;(93)kfFo
(01)04603767010709;(21)5tVhK!;(93)UJRR
(01)04603767010709;(21)5!A>qH;(93)Lm3a
(01)04603767010709;(21)5SoqZB;(93)gT3X
(01)04603767010709;(21)5oXh%9;(93)/xFE
(01)04603767010709;(21)5bi7FV;(93)dKwg
(01)04603767010709;(21)5r*OLT;(93)b2zh
(01)04603767010709;(21)5LWUE";(93)9oWk
(01)04603767010709;(21)5ZZVqh;(93)L3Rl
(01)04603767010709;(21)5-LMVL;(93)wA3u
(01)04603767010709;(21)5Y1qr8;(93)Sn8U
(01)04603767010709;(21)5/GcNM;(93)4if1
(01)04603767010709;(21)5s3/7Z;(93)c0eW
(01)04603767010709;(21)5MhZdC;(93)iuxw
(01)04603767010709;(21)5U&9JB;(93)0fZT
(01)04603767010709;(21)5w4N2p;(93)5/kJ
(01)04603767010709;(21)50sBOD;(93)d+Fd
(01)04603767010709;(21)5V?gIf;(93)pC+8
(01)04603767010709;(21)5UxrN8;(93)uMRT
(01)04603767010709;(21)5CR(HX;(93)R4O2
(01)04603767010709;(21)5VEPxt;(93)Sc/K
(01)04603767010709;(21)5>HjNo;(93)nwYK
(01)04603767010709;(21)58Cbif;(93)iS83
(01)04603767010709;(21)5nrkh2;(93)1P+N
(01)04603767010709;(21)5fMt.S;(93)cL77
(01)04603767010709;(21)5VIKXW;(93)D3Q4
(01)04603767010709;(21)5aX>rN;(93)Lpk3
(01)04603767010709;(21)5TfDOf;(93)4yls
(01)04603767010709;(21)5GpbUC;(93)IGhO
(01)04603767010709;(21)59ALa7;(93)GsDZ
(01)04603767010709;(21)5X+CHV;(93)Ujj+
(01)04603767010709;(21)5T%6Py;(93)IWFH
(01)04603767010709;(21)5l!d2m;(93)9HAM
(01)04603767010709;(21)5zIrhX;(93)/YEl
(01)04603767010709;(21)5f&kOV;(93)gBGX
(01)04603767010709;(21)5qv1pG;(93)yA5H
(01)04603767010709;(21)5q+:g+;(93)Nj4Z
(01)04603767010709;(21)5%ml0l;(93)PMrs
(01)04603767010709;(21)5dIUhH;(93)/XjU
(01)04603767010709;(21)5,Afs+;(93)q19M
(01)04603767010709;(21)5UWp4d;(93)WJI3
(01)04603767010709;(21)5DaOKx;(93)3e7A
(01)04603767010709;(21)5sY5k!;(93)BclQ
(01)04603767010709;(21)5ZPEXv;(93)hpio
(01)04603767010709;(21)5Qhr,.;(93)6cmb
(01)04603767010709;(21)5W0b<";(93)shPC
(01)04603767010709;(21)5*g(q,;(93)5Ed4
(01)04603767010709;(21)5XCj<&;(93)9XTQ
(01)04603767010709;(21)57NY8c;(93)t5Wy
(01)04603767010709;(21)5EHLr%;(93)Icxz
(01)04603767010709;(21)5%Z-N4;(93)zfDf
(01)04603767010709;(21)5km"+Q;(93)A5QW
(01)04603767010709;(21)5WsBDk;(93)Ic04
(01)04603767010709;(21)5.YCFw;(93)z49y
(01)04603767010709;(21)5UPES?;(93)c7Zx
(01)04603767010709;(21)53Ufp,;(93)32Xm
(01)04603767010709;(21)5nVQtY;(93)jH07
(01)04603767010709;(21)5u/Pap;(93)t8DK
(01)04603767010709;(21)5SNLVB;(93)5lRk
(01)04603767010709;(21)50hmDP;(93)1cfx
(01)04603767010709;(21)5N-deb;(93)Y+Ng
(01)04603767010709;(21)5&%A=S;(93)hFaP
(01)04603767010709;(21)5pRpcO;(93)Si83
